# module	role	exposure	path	dependencies	optional_dependencies
woge-core	foundation	public	modules/woge-core	-	-
woge-ui-headless	ui	public	modules/woge-ui-headless	woge-core	-
woge-protocol	protocol	public	modules/woge-protocol	woge-core	-
woge-host-spi	port	public	modules/woge-host-spi	woge-core,woge-protocol	-
woge-server-runtime	runtime	internal	modules/woge-server-runtime	woge-core,woge-protocol,woge-host-spi	-
woge-dev-model	tooling-model	internal	modules/woge-dev-model	-	-
woge-dev-orchestrator	tooling	internal	modules/woge-dev-orchestrator	woge-dev-model	-
woge-dev-process-host	tooling	internal	modules/woge-dev-process-host	woge-dev-orchestrator	-
woge-dev-client	tooling	internal	modules/woge-dev-client	woge-core,woge-dev-model	-
woge-dev-spring-child	tooling	internal	modules/woge-dev-spring-child	woge-dev-client	-
woge-dev-browser	tooling	internal	modules/woge-dev-browser	woge-dev-orchestrator,woge-core,woge-dev-client	-
woge-dev-mcp	tooling	internal	modules/woge-dev-mcp	woge-dev-model	-
woge-dev-gradle	tooling	internal	modules/woge-dev-gradle	woge-dev-process-host,woge-dev-browser,woge-dev-mcp	-
woge-gradle-plugin	tooling	internal	modules/woge-gradle-plugin	-	-
woge-ksp	tooling	public	modules/woge-ksp	-	-
woge-fallback-client-assets	integration	public	integrations/woge-fallback-client-assets	-	-
woge-adapter-tck	test-support	support	testing/woge-adapter-tck	woge-core,woge-protocol,woge-host-spi,woge-server-runtime	-
woge-spring-mvc	adapter	public	adapters/woge-spring-mvc	woge-core,woge-protocol,woge-host-spi,woge-server-runtime	-
woge-spring-webflux	adapter	public	adapters/woge-spring-webflux	woge-core,woge-protocol,woge-host-spi,woge-server-runtime	-
woge-ktor	adapter	public	adapters/woge-ktor	woge-core,woge-protocol,woge-host-spi,woge-server-runtime	-
woge-spring-boot-autoconfigure	integration	public	integrations/woge-spring-boot-autoconfigure	woge-host-spi	woge-spring-mvc,woge-spring-webflux
woge-spring-boot-starter	integration	public	integrations/woge-spring-boot-starter	woge-spring-boot-autoconfigure	-
woge-vite	integration	public	integrations/woge-vite	woge-core	-
